Time_us,angl_accel_z
2000033,-0.0392279703573017
3019625,-0.0123901986713316
4020058,0.00254749949446426
5039650,0.00847146616845071
6040083,-0.00633518409700545
7059675,0.00555993230435764
8060108,0.020941012221816
9079700,0.0260111569118992
10080133,0.0296689782808192
11099725,0.0288622104718658
12100158,0.0323602525947736
13119750,0.053800597576752
13859454,0.0750674283531532
